AD Code,Distributor,Selected canonical name,Selected row count,Total rows under code,Name variants,Rule
-,RTY,ชลบุรีรัตนยนต์ หน้าร้าน,4380,5548,ชลบุรีรัตนยนต์ หน้าร้าน (4380) | ชุ้นเจริญยนต์ บางปะกง (สายบางพลี) (68) | ออดเซอร์วิส บางบ่อ (สด) (56) | ตรีศักดิ์ยานยนต์ บางบ่อ (สายบางพลี) (45) | พจน์ โรงไฟฟ้า (สายบางพลี)(สด) (27) | เล็กยานยนต์ นาเกลือ (25) | ช.เกียรติชัยเทพารักษ์ (สายบางพลี) (สด) (23) | เบนซ์เซอร์วิสบ้านเก่า(สด) ส.ตลาด (21) | เจ๊เอ๋ บ่อวิน (20) | มานิตย์อะไหล่ยนต์ (สด) ส.ศรีราชา (19) | ฟีท มอเตอร์ อมตะนคร ชลบุรี (สด) (สายตลาด) (18) | S MOTO มอเตอร์ไซค์ ระยอง (สด) (17) | ทีทีอะไหล่ สปป-ลาว (17) | ท๊อปมอเตอร์ช๊อฟ บ่อวิน (17) | หนองเสม็ดยานยนต์ ส.บ้านบึง) (17) | สยามมอเตอร์ บางวัว (สายแปดริ้ว) (16) | บริษัท วรรณมินตรา จํำากัด สํำานักงานใหญ่ (สายบ่อวิน) (15) | ชาตรีมอเตอร์แปลงยาว(1) (14) | ชายออโต้ (14) | หนองเสม็ด สัตหีบ (สด) (14) | สเตทไบค์เกอร์ อมตะนคร ส.ตลาด ขอใบกํำากับ (13) | เฉลิมยนต์ พนมสารคาม (สายแปดริ้ว) (13) | เจมส์มอไซค์ (สด) (สายสัตหีบ) (12) | พีเอ็นเจริญยนต์ อมตะซิตี้ (สายบ่อวิน) สด (11) | เด่นยานยนต์ นาเกลือ (สายพัทยา) (11) | ขาวมอเตอร์ อ่าวอุดม (สด) (10) | MB ชลบุรี (สด) (9) | ช่างชา แมรี่ (9) | ต้นบริการ ซ.1 (สด) (9) | ที ที เอส เจริญยนต์ (สด) (สายระยอง) (9) | ปุ๊เจริญยนต์ สัตหีบ (9) | พร้อมพันเสด็จนอก (สด) (สายบ่อวิน) (9) | มิตรเจริญยนต์ สัตหีบ (ส.สัตหีบ) (9) | หจก.ระยองรัตนยนต์ (9) | เต้มอเตอร์ไซค์ แหลมฉบัง (สด) ส.ศรีราชา (9) | โหน่งโมดิฟาย (สด) ส.บางพลี (9) | ไข่มอเตอร์ไซค์ (สายแปดริ้ว) (9) | G&M MOTO BIKE (สด) (สายสัตหีบ) (8) | ช่างวุธ แฟมิลี่ซิตตี้ (สด) ส.ตลาด (8) | ช่างหมู เกาะขนุน (สายแปดริ้ว) สด (8) | ช่างแหลม บางคล้า (สด) (8) | วัฒนาอะไหล่ บางละมุง (สด) (8) | สรศักดิ์ สหพัฒน์ (สด) (8) | ไทยเส็งเรสซิ่ง (ขอใบกํำากับทุกครั้ง) (8) | ช่างมอส ตาลล้อม (สด) (7) | ดาวเงินมอเตอร์ไซค์ (สด) (7) | กฤษเจริญการช่าง ไร่1 (สด) ส.บ่อวิน (6) | ช.มอเตอร์ (สายแปดริ้ว) (6) | ช่างวิษณุ บางคล้า (สด) (6) | ตี๋(โต)หนองมน ส.ตลาด (6) | ท๊อปมอเตอร์ ปลวกแดง (6) | นัท คีรี (สด) (6) | ปู บางวัว (สายแปดริ้ว) สด (6) | พงษ์มอเตอร์ ศรีราชา (สด) (6) | ศักดาอะไหล่แม่ริม เชียงใหม่ ส่ง ขนส่งโชคนิรันดร์ เก็บปลายทาง (6) | ศักดิ์ชัย นายายอาม (สด) (6) | ศักดิ์ชัย หนองไผ่ (สายระยอง) (6) | หน่อง (อะหลั่ย-น้ำามัน) (สด) (6) | เปี๊ยกมาบตาพุต (สด) (สายระยอง) (6) | 36 ยนตการ บางบ่อ (5) | WK อะไหล่ (สายบ่อวิน) สด (5) | งี่เปงหงวน (สายแปดริ้ว) (5) | จี๊ดยานยนต์ เขาน้อย (5) | ช่างมด บางแสน (สด) (5) | ช่างสันติ พัฒนามอเตอร์ (สด) (5) | ช่างฮิปโมดิฟายด์ มอไซค์ (สด) (สายบ่อวิน) (5) | ช่างเบิ้ม (สายแปดริ้ว) (สด) (5) | ธนะพรมอเตอร์ บ้านสวน (สด) (5) | บริษัท เค เอส แอล สยามโกลด์ (สด)ส.แปดริ้ว (5) | สมชาย (สายบ่อวิน) สด (5) | หมู หนองมน (สด) (5) | หยิก แปดริ้ว (สด) (5) | อรเนตร แหลมฉบังเจริญยนต์ (สด) (สายศรีราชา) (5) | อุดมเซอร์วิส หนองไม้แดง (สด) (5) | แอลบี โมโตช๊อป (สด) ส.ระยอง (5) | ช่างนัน บ่อวิน (ส.บ่อวิน) (4) | ช่างบี โรงโป๊ะ (สด) (4) | ตึ๋งมอเตอร์ไซค์ หนองขาม (สด) (4) | นนท์เซอร์วิส แกลง (สด) (4) | นวยนต์ พัทยา (สด) (4) | บริษัท ตี๋เล็กมอเตอร์ไซด์ จำกัด (สายบางพลี) สด (4) | พงษ์เจริญ อะไหล่ (สด) ส.ตลาด (4) | ร้านไปร์ท (สด) (4) | ลุงเอ้ อะไหล่ซิ่ง (สด) บ่อวิน (4) | วี บึงไร่1 (4) | สัมพันธ์ นำชัย (4) | เพียวโรงไฟฟ้า (สด) ส.บางพลี (4) | แดงเมืองใหม่ (4) | โก บางพระ (สด) (4) | ช.เฉลิมมอเตอร์ แหลมฉบัง (3) | ชาตรีมอเตอร์แปลงยาว(1) ส.แปดริ้ว (3) | ช่างบวร ห้วยกะปิ (สด) (3) | ช่างเมธ บางแสน (สด) (3) | ช่างแม็ค แหลมฉบัง (สายศรีราชา) สด (3) | ช่างโทนคลองเขื่อน (สด) (สายแปดริ้ว) (3) | ตี๋ บางทราย (สด) (3) | ตี๋ แสงทองเฟอร์นิเจอร์ (3) | ทีทีเอส เจริญยนต์ (ส.ระยอง) (3) | ท๊อป บางวัว (สด) ส.แปดริ้ว (3) | ธีระยนต์อะไหล่ ปราจีนบุรี (สด) (3) | นพ เกาะโพธิ์ (สายบ้านบึง) (สด) (3) | นัดมอเตอร์ บ้านบึง (สด) (3) | น้องบอส (สด) (3) | พงษ์ หลังเพชร (สด) (3) | รัช หนองเสือช้าง (สายระยอง) (3) | ศักดิ์เจริญยนต์ ชุมพร (3) | อัน แม่สาย (Y) (3) | อาทออโต้ช็อป แปดริ้ว (สด) (สายแปดริ้ว) (3) | อุ๊ วัดชากสมอ (เพื่อนรัตน์ ตลาดใหม่) (สด) (3) | อ๋อดโต้ เซอร์วิส (สปป.ลาว) (3) | เก้า แยกคีรี (สด) (3) | เจเค.มอเตอร์ไซด์ (สด) ส.บ่อวิน (3) | เอี้ยม ย่านโพธิ์ทอง (สด) (3) | โชติพัฒน์ยานยนต์ เสม็ด (นุเสม็ด)(สด) (3) | โตเกียวมอเตอร์ (3) | BOAT SRC RACIN SHOP (2) | OK MOTOR ไร่1 (สด) ส.บ่อวิน (2) | ก.ประกิต (สายพัทยา) (2) | ก.เจริญยนต์ สัตหีบ (2) | ก.เจริญยนต์อะไหล่ นาเกลือ (2) | กั้ง สามท่อ (2) | ข้ามศรีธัญญา (สด) ศรีราชา (2) | คาร์บิทส์ เอเชีย จํำากัด (สํำานักงานใหญ่) (2) | จิ๊บ ซอย 4 (2) | ชาตรีเรซซิ่ง แหลมฉบัง (สด) (2) | ช่างสมาน สัตหีบ (สด) (2) | ช่างเจตน์ (สด) (สายแปดริ้ว) (2) | ช่างเทพ ปลวกแดง (สด) (สายบ่อวิน) (2) | ดํำา เรซซิ่ง ศรีราชา (สด) (2) | ตัง เจริญยนต์ (สายตลาด) (2) | ตาเก่ง อะไหล่มอเตอร์ไซค์(สายแปดริ้ว) (2) | ตี๋ แกลง ระยอง (2) | ทวีชัยการช่าง ปทุมธานี (2) | น.เจริญยนต์ แหลมฉบัง (สด) (2) | นพ เกาะโพธิ์ (สายบ้านบึง) (2) | นิ เมืองใหม่ (2) | น้อยมอไซค์ โรงโป๊ะ (สด) (2) | บอสมอเตอร์เซอร์วิส (สด) (สายพัทยา) (2) | พนม อะไหล่ (สด) (2) | พรชัย ชัยพงษ์ (สายบ้านบึง) (2) | พรพล บางคล้า (สด) (2) | พี.พี.ออโตพาร์ท (ป๊อป) (สด) (2) | ยางมอเตอร์ไซค์ เคหะร่มเกล้า 74 อะไหล่ยนต์ (2020) (2) | ร้านเขียด (สด) (2) | วัฒน์ หนองหงษ์ (สด) (2) | วันชัยเซอร์วิส ศรีราชา (สด) (2) | วิศิษฐ์ บางคล้า (สายแปดริ้ว) สด (2) | ส.ศิริยนต์ (2) | ส.เจริญยนต์ ท่าข้าม (สายบางพลี)(สด) (2) | สัมพันธ์ ห้วยใหญ่ (2) | สุบินปลวกแดง (สด) ส.บ่อวิน (2) | อ้วนสุด (สด) (2) | เก่ง ยิงทราย (สด) (2) | เจพี มอเตอร์เวิร์ค จันทบุรี (สด) ส่งขนส่งจันทร์สว่างเก็บปลายทาง (2) | เจษฎายานยนต์ (สายศรีราชา) สด (2) | เจ๋งมอเตอร์ไซค์ บางแสน (สด) ส.ตลาด (2) | เต้ยมอเตอไซค์ หนองค้อ (2) | เทพ หัวแหลม (สด) (2) | เปี๊ยก หนองมน (สด) (2) | เอก หนองตํำาลึง (สด) ส.ตลาด (2) | แซม ป่วน (2) | แหลม พานทอง (สายบ้านบึง) สด (2) | โจ้สามแยก สายบ้านบึง (2) | ใจมอเตอร์ ศรีราชา (สด) (2) | ไมค์ หนองรี (สด) (2) | AC แม่สายคุณอัน (1) | PP เรซซิ่ง (สด) ส.ตลาด (1) | ก.เจริญยนต์ อ่าวอุดม (สด) ส.ศรีราชา (1) | กบ พานทอง (สด) (1) | กานต์ เขาน้อย (สด) (1) | จริน แหลมแท่น (สด) (1) | ช.เจริญทรัพย์ซอย 11 (สด) สายตลาด (1) | ชายชอบเชิงช่าง (สด) (1) | ชุน เก้ากิโล ศรีราชา (สด) (1) | ช่างกอล์ฟเจริญยนต์ (สด) (สายตลาด) (1) | ช่างตุ่ม แสนสุข (สด) (1) | ช่างถิ่น สระคลอง (สด) ส.แปดริ้ว (1) | ช่างนุ ธารทิพย์ (สด) (1) | ช่างนุ่นคีรี (สด) (1) | ช่างยุทธ นาป่า (ชื่อเดิมสวนเสือ) (สด) (1) | ช่างสมชาย บางเสร่ (สด) (สายสัตหีบ) (1) | ช่างหัว ปิ่นทอง (สายบ่อวิน) (สด) (1) | ช่างเติ้ล ตลาดเขาซก (สายระยอง) (1) | ช่างเบียร์เซอร์วิส นิคม(สด) ส.ระยอง (1) | ช่างเพชร สหพัฒน์ (สด) (1) | ช่างเอ๋ พัฒนามอเตอร์(สด) (1) | ช่างแหลม บางคล้า (สด) ส.แปดริ้ว (1) | ช่างโก้ อ่างศิลา (สด) (1) | ช่างไพบูลย์ บางคล้า (สายแปดริ้ว)(สด) (1) | ต่ายเรซซิ่ง ศรีราชา (สด) (1) | ต้น อ่างศิลา (สด) (1) | ทร เมืองใหม่ (1) | ทีสปีดเรซซิ่งช๊อป (สายบ่อวิน) (1) | บจก.เอสอาร์ซี มอเตอร์ไบค์ (สด)บ่อวิน (1) | บริษัท ทีละเก้าเซอร์วิส จำกัด (1) | บริษัท มาทูรย์อะไหล่ จำกัด สำนักงานใหญ่ (1) | บอมอะไหล่ยนต์ จ.ตราด (1) | บุญส่งการช่าง ไร่ 1 (สด) (1) | บู๊คลินไบค์ (สด) ฝากส่งมาฑูรย์ (1) | ประทีป หนองข้างคอก (สด) (1) | พิมพ์รุ่งเรือง (สายแปดริ้ว)(สด) (1) | ฟลุ๊ค อภิชาต (ร้าน) (1) | มิตรเจริญยนต์ กม.10 (สด) (สายสัตหีบ) (1) | มิ้นท์ RACING(คุณอนุรักษ์ จันทร์ลือ) (1) | มิ้นท์ เต็ง วิน เขาซก (สด) ส.ระยอง (1) | รวมยนต์ พัทยา (1) | รัตน์ บางทราย (สด) (1) | รัน หนองซ้ำซาก สายบ้านบึง (สด) (1) | ลิ้มเจริญยนต์ (สด) ส.แปดริ้ว (1) | วารีเจริญยนต์ พนม (1) | วิมุกข์ บ่อวิน (สด) (1) | ส.เกื้อกูล สาขาบางแสน(เงินสด) (1) | สถานตรวจสภาพรถ โจ้ บางแสน (สด) (สายตลาด) (1) | สมภพ มอเตอร์ (ส.บ้านบึง) สด (1) | สายชล ตลาดกลาง (1) | สุน แปดริ้ว (1) | สุฤทธิ์ บางพระ (สด) (1) | หนึ่ง.เจริญยนต์ (สด) (สายตลาด) (1) | หวิลการช่าง ระเบาะไผ่ (สด) (1) | อ.เจริญยนต์เขาน้อย (สด) ส.ตลาด (1) | อนุพงศ์ โรงโป๊ะ (สด) ส.พัทยา (1) | อู่ช่างต๋อง (สด) สายพัทยา (1) | อ้วนมอเตอร์ สะพานสี่ (สด) ส.บ่อวิน (1) | เจริญผลอะไหล่(เจ๊เก็ต) (สด) (1) | เต็ก BM (สด) (1) | เทิดทูนมอเตอร์ไซด์ นาป่า (สด) (1) | เบลเจริญยนต์ เครือสหพัฒน์ (สด) (1) | เบสท์มอเตอร์ สหพัฒน์ (สด)(สายบ่อวิน) (1) | เปี๊ยก แหลมหิน (สายแปดริ้ว) สด (1) | เพียวมอเตอร์ สาขา ดอนหัวฬ่อ (สด) (1) | เวฟเจริญชัย (สด) (1) | เอก บ้านสวน (เอกมอเตอร์ไซด์) (สด) (1) | เอ็มเจ มอเตอร์ พนัสนิคม (สด) ส.บ้านบึง (1) | แจ๊คกลางซอย นาป่า (สด) ส.ตลาด (1) | โตมอเตอร์ ศรีราชา (1) | โย เขาดิน (1) | โหนก นาป่า (สายตลาด) สด (1) | ไก่ บ้านปึก (สด) (1) | ไนท์เจริญทรัพย์ หนองไม้แดง (ถม) (สด) (1),Most frequent AD Name by source row count
1091508,OEM,ร้าน สปีดยนต์,2,3,ร้าน สปีดยนต์ (2) | ร้าน ช่างตี๋เจริญยนต์ (1),Most frequent AD Name by source row count
1091509,OEM,ร้าน สปีดยนต์,2,3,ร้าน สปีดยนต์ (2) | ร้าน ช่างตี๋เจริญยนต์ (1),Most frequent AD Name by source row count
1091510,OEM,ร้าน ช่างตี๋เจริญยนต์,3,4,ร้าน ช่างตี๋เจริญยนต์ (3) | ร้าน สปีดยนต์ (1),Most frequent AD Name by source row count
82000116,Sompol,หจก. ไพฑูรย์พาณิชย์,10,14,หจก. ไพฑูรย์พาณิชย์ (10) | ร้าน ไพฑูรย์พาณิชย์ (4),Most frequent AD Name by source row count
82000127,MGP / Sompol,ร้าน ตี๋มอเตอร์เวิร์ค,59,63,ร้าน ตี๋มอเตอร์เวิร์ค (59) | ร้าน ตี๋มอเตอร์เวิร์ค จันทบุรี (4),Most frequent AD Name by source row count
82000139,Sompol,หจก. จักรกฤษณ์ อินเตอร์เทรด,14,33,หจก. จักรกฤษณ์ อินเตอร์เทรด (14) | บริษัท ทีที อินเตอร์เทรดดิ้ง จำกัด (7) | บริษัท มณีพัชร อินเตอร์เทรด จำกัด (6) | หจก. บุญชัยจักรยาน แอนด์ พาร์ท ซัพพลาย (4) | หจก.บุญชัยจักรยาน เเอนด์ ดาร์ท ซัพพลาย (2),Most frequent AD Name by source row count
82000148,NKY,๿สงชัยพาณิชย์(อะไหล่),44,63,๿สงชัยพาณิชย์(อะไหล่) (44) | แสงชัยพาณิชย์(อะไหล่) (19),Most frequent AD Name by source row count
82000257,Sompol,ร้าน ซิสโบบิวตี้,192,193,ร้าน ซิสโบบิวตี้ (192) | ร้าน ซ้งอะไหล่ยนต์ (1),Most frequent AD Name by source row count
82000339,MGP,ร้าน DKS รองเมือง,283,290,"ร้าน DKS รองเมือง (283) | D.K.S.ENGINEER CO., LTD (7)",Most frequent AD Name by source row count
82000367,MGP / OEM,หจก.ล.สถาพรการยาง,230,231,หจก.ล.สถาพรการยาง (230) | หจก. ล.สถาพรการยาง สำนักงานใหญ่ (1),Most frequent AD Name by source row count
82000869,NKY,เมก้า โคลเวอร์ พลัส,505,957,เมก้า โคลเวอร์ พลัส (505) | เม฿้า โคลเวอร์ พลัส (452),Most frequent AD Name by source row count
82000885,MGP,ร้าน พีพีเอส ออโต้ เพชรเกษม,100,105,ร้าน พีพีเอส ออโต้ เพชรเกษม (100) | PPSAUTO (5),Most frequent AD Name by source row count
82000941,NKY,ป.การยาง,2,3,ป.การยาง (2) | ป.฿ารยาง (1),Most frequent AD Name by source row count
82001085,Sompol,ร้าน ศักดิ์เจริญยนต์,12,13,ร้าน ศักดิ์เจริญยนต์ (12) | ร้าน ร้าน ศักดิ์เจริญยนต์ (1),Most frequent AD Name by source row count
82001131,MGP,ช่างโจ้ ลาดพร้าว 41 (วังหิน),31,55,ช่างโจ้ ลาดพร้าว 41 (วังหิน) (31) | นาย คุณาพร แก้วมาลา (13) | ร้านช่างโจ้ลาดพร้าว 41 (6) | [Mega-Pro] - ช่างโจ้ ลาดพร้าว 41 (วังหิน) (5),Most frequent AD Name by source row count
82001132,MGP,[ช่างซ่อม] - ร.เนี๊ยบ การยาง 089-7924488 (วังหิน),22,32,[ช่างซ่อม] - ร.เนี๊ยบ การยาง 089-7924488 (วังหิน) (22) | [ช่างซ่อม] - ร.เนี๊ยบ การยาง(วังหิน) (10),Most frequent AD Name by source row count
82001138,MGP,[ช่างซ่อม] - ช่าง บาส (วังหิน),32,35,[ช่างซ่อม] - ช่าง บาส (วังหิน) (32) | น.ส.ปิยะนันท์ งามเลิศ (3),Most frequent AD Name by source row count
82001148,NKY,฿.ยนต์ 2,11,13,฿.ยนต์ 2 (11) | ก.ยนต์ 2 (2),Most frequent AD Name by source row count
82001153,NKY,สกายเวย์,44,83,สกายเวย์ (44) | ส฿ายเวย์ (39),Most frequent AD Name by source row count
82001190,MGP,บริษัท โมโตฟอร์ส จำกัด (สาขาสำนักงานใหญ่),612,628,บริษัท โมโตฟอร์ส จำกัด (สาขาสำนักงานใหญ่) (612) | Motoforce (16),Most frequent AD Name by source row count
82001200,MGP,ร้าน ราม 83 Tyres bike shop บางกะปิ,156,251,ร้าน ราม 83 Tyres bike shop บางกะปิ (156) | บริษัท บุญนาค รุ่งเรือง จำกัด (สำนักงานใหญ่) (78) | ราม83tyres (17),Most frequent AD Name by source row count
82001291,MGP,บริษัท ต้องเจริญ มอเตอร์ จำกัด (สำนักงานใหญ่),242,259,บริษัท ต้องเจริญ มอเตอร์ จำกัด (สำนักงานใหญ่) (242) | บจก. ต้องเจริญ มอเตอร์ (17),Most frequent AD Name by source row count
82001477,MGP,ร้าน ก.อะไหล่ สุขุมวิท 71,153,154,ร้าน ก.อะไหล่ สุขุมวิท 71 (153) | กอะไหล่ยนต์ (1),Most frequent AD Name by source row count
82001486,NKY,สินเจริ฿อะไหล่,4,7,สินเจริ฿อะไหล่ (4) | สินเจริญอะไหล่ (3),Most frequent AD Name by source row count
82001494,MGP,บริษัท ทูวีลส์เทค จำกัด สำนักงานใหญ่,416,447,บริษัท ทูวีลส์เทค จำกัด สำนักงานใหญ่ (416) | 29tire (31),Most frequent AD Name by source row count
82001501,OEM,ร้าน ศรีสุวรรณมอเตอร์,40,42,ร้าน ศรีสุวรรณมอเตอร์ (40) | เอเซียมอเตอร์พาร์ท (2),Most frequent AD Name by source row count
82001505,OEM,ร้าน ช่างโชค,1,2,ร้าน ช่างโชค (1) | ร้าน เพ้งอะไหล่ยนต์ (บางพรม) (1),Most frequent AD Name by source row count
82001507,OEM,ร้าน K.T.อะไหล่,8,9,ร้าน K.T.อะไหล่ (8) | ร้าน เพ้งอะไหล่ยนต์ (บางพรม) (1),Most frequent AD Name by source row count
82001509,OEM,ร้าน 55 AUTOPART,15,16,ร้าน 55 AUTOPART (15) | ร้าน เพ้งอะไหล่ยนต์ (บางพรม) (1),Most frequent AD Name by source row count
82001510,OEM,ร้าน 13 ยานยนต์,66,67,ร้าน 13 ยานยนต์ (66) | ร้าน เพ้งอะไหล่ยนต์ (บางพรม) (1),Most frequent AD Name by source row count
82001511,OEM,ร้าน ช่างตี๋เจริญยนต์,3,4,ร้าน ช่างตี๋เจริญยนต์ (3) | ร้าน เพ้งอะไหล่ยนต์ (บางพรม) (1),Most frequent AD Name by source row count
82001512,OEM,ร้าน ธี ทู เค ไบค์,70,71,ร้าน ธี ทู เค ไบค์ (70) | ร้าน เพ้งอะไหล่ยนต์ (บางพรม) (1),Most frequent AD Name by source row count
82001513,OEM,หจก. สตาร์เจริญยนต์,15,16,หจก. สตาร์เจริญยนต์ (15) | ร้าน เพ้งอะไหล่ยนต์ (บางพรม) (1),Most frequent AD Name by source row count
82001514,OEM,ร้าน โชคชัยการช่าง,21,22,ร้าน โชคชัยการช่าง (21) | ร้าน เพ้งอะไหล่ยนต์ (บางพรม) (1),Most frequent AD Name by source row count
82001520,OEM / RTY,อู่ช่างต้าร์,5,6,อู่ช่างต้าร์ (5) | ร้าน เพ้งอะไหล่ยนต์ (บางพรม) (1),Most frequent AD Name by source row count
82001530,RTY,สมหมายมอเตอร์,10,12,สมหมายมอเตอร์ (10) | 56 มารวย (2),Most frequent AD Name by source row count
82001556,MGP,บริษัท โมโตไทร์(ไทยแลนด์) จำกัด,151,156,บริษัท โมโตไทร์(ไทยแลนด์) จำกัด (151) | Motrotire (5),Most frequent AD Name by source row count
82001566,OEM,ร้าน เพ้งอะไหล่ยนต์ (เฮียเลี้ยง),63,66,ร้าน เพ้งอะไหล่ยนต์ (เฮียเลี้ยง) (63) | ร้าน เพ้งอะไหล่ยนต์ (บางพรม) (3),Most frequent AD Name by source row count
83250001,MGP,บริษัท คาปี้ เรซซิ่ง จำกัด (สาขาสำนักงานใหญ่),602,652,บริษัท คาปี้ เรซซิ่ง จำกัด (สาขาสำนักงานใหญ่) (602) | Capy racing shop (50),Most frequent AD Name by source row count
83260011,MGP,บริษัท โปรช็อป เรซซิ่ง จำกัด (สำนักงานใหญ่),89,95,บริษัท โปรช็อป เรซซิ่ง จำกัด (สำนักงานใหญ่) (89) | Proshop Racing (6),Most frequent AD Name by source row count
83260038,NKY,ยนต์กิจมอเตอร์ไซค์,6,10,ยนต์กิจมอเตอร์ไซค์ (6) | ยนต์฿ิจมอเตอร์ไซค์ (4),Most frequent AD Name by source row count
83260043,Sompol,หจก. จักรกฤษณ์ อินเตอร์เทรด,5,11,หจก. จักรกฤษณ์ อินเตอร์เทรด (5) | บริษัท ทีที อินเตอร์เทรดดิ้ง จำกัด (3) | หจก. บุญชัยจักรยาน แอนด์ พาร์ท ซัพพลาย (2) | บริษัท มณีพัชร อินเตอร์เทรด จำกัด (1),Most frequent AD Name by source row count
83260068,MGP,ร้าน Bbike shop,132,137,ร้าน Bbike shop (132) | บีไบค์ช้อป (5),Most frequent AD Name by source row count
83260102,MGP,บริษัท สตรีท ไทร์ เรซซิ่ง จำกัด (สำนักงานใหญ่),39,43,บริษัท สตรีท ไทร์ เรซซิ่ง จำกัด (สำนักงานใหญ่) (39) | บริษัท สตรีท ไทร์ เรซซิ่ง จำกัด (4),Most frequent AD Name by source row count
83260111,MGP,ร้าน อามีน MTมอเตอร์ รามคำแหง,10,16,ร้าน อามีน MTมอเตอร์ รามคำแหง (10) | อามีนMTมอเตอร์ (6),Most frequent AD Name by source row count
ยังไม่มีรหัส,OEM,ร้าน น้อยการยาง,22,89,ร้าน น้อยการยาง (22) | ร้าน จังรุ่งเจริญ (17) | ร้าน ช่างนุ้ย โคร้ง S (14) | ร้าน ศรเจริญยนต์ (14) | ร้าน พูนทรัพย์ อะไหล่ (7) | หจก.ณ.ปฐมอะไหล่ (7) | ร้าน BOSS Motorpart (4) | ร้าน สมบูรณ์ (เอกวรรณพัฒนา) (4),Most frequent AD Name by source row count
