Distributor,AD Code,Selected name,Selected row count,All variants
MGP,82000339,ร้าน DKS รองเมือง,283,"ร้าน DKS รองเมือง (283) | D.K.S.ENGINEER CO., LTD (7)"
MGP,82000885,ร้าน พีพีเอส ออโต้ เพชรเกษม,100,ร้าน พีพีเอส ออโต้ เพชรเกษม (100) | PPSAUTO (5)
MGP,82001131,ช่างโจ้ ลาดพร้าว 41 (วังหิน),31,ช่างโจ้ ลาดพร้าว 41 (วังหิน) (31) | นาย คุณาพร แก้วมาลา (13) | ร้านช่างโจ้ลาดพร้าว 41 (6) | [Mega-Pro] - ช่างโจ้ ลาดพร้าว 41 (วังหิน) (5)
MGP,82001132,[ช่างซ่อม] - ร.เนี๊ยบ การยาง 089-7924488 (วังหิน),22,[ช่างซ่อม] - ร.เนี๊ยบ การยาง 089-7924488 (วังหิน) (22) | [ช่างซ่อม] - ร.เนี๊ยบ การยาง(วังหิน) (10)
MGP,82001138,[ช่างซ่อม] - ช่าง บาส (วังหิน),32,[ช่างซ่อม] - ช่าง บาส (วังหิน) (32) | น.ส.ปิยะนันท์ งามเลิศ (3)
MGP,82001190,บริษัท โมโตฟอร์ส จํากัด (สาขาสํานักงานใหญ่),612,บริษัท โมโตฟอร์ส จํากัด (สาขาสํานักงานใหญ่) (612) | Motoforce (16)
MGP,82001200,ร้าน ราม 83 Tyres bike shop บางกะปิ,156,ร้าน ราม 83 Tyres bike shop บางกะปิ (156) | บริษัท บุญนาค รุ่งเรือง จํากัด (สํานักงานใหญ่) (78) | ราม83tyres (17)
MGP,82001291,บริษัท ต้องเจริญ มอเตอร์ จํากัด (สํานักงานใหญ่),242,บริษัท ต้องเจริญ มอเตอร์ จํากัด (สํานักงานใหญ่) (242) | บจก. ต้องเจริญ มอเตอร์ (17)
MGP,82001477,ร้าน ก.อะไหล่ สุขุมวิท 71,153,ร้าน ก.อะไหล่ สุขุมวิท 71 (153) | กอะไหล่ยนต์ (1)
MGP,82001494,บริษัท ทูวีลส์เทค จํากัด สํานักงานใหญ่,416,บริษัท ทูวีลส์เทค จํากัด สํานักงานใหญ่ (416) | 29tire (31)
MGP,82001556,บริษัท โมโตไทร์(ไทยแลนด์) จํากัด,151,บริษัท โมโตไทร์(ไทยแลนด์) จํากัด (151) | Motrotire (5)
MGP,83250001,บริษัท คาปี้ เรซซิ่ง จํากัด (สาขาสํานักงานใหญ่),602,บริษัท คาปี้ เรซซิ่ง จํากัด (สาขาสํานักงานใหญ่) (602) | Capy racing shop (50)
MGP,83260011,บริษัท โปรช็อป เรซซิ่ง จํากัด (สํานักงานใหญ่),89,บริษัท โปรช็อป เรซซิ่ง จํากัด (สํานักงานใหญ่) (89) | Proshop Racing (6)
MGP,83260068,ร้าน Bbike shop,132,ร้าน Bbike shop (132) | บีไบค์ช้อป (5)
MGP,83260102,บริษัท สตรีท ไทร์ เรซซิ่ง จํากัด (สํานักงานใหญ่),39,บริษัท สตรีท ไทร์ เรซซิ่ง จํากัด (สํานักงานใหญ่) (39) | บริษัท สตรีท ไทร์ เรซซิ่ง จํากัด (4)
MGP,83260111,ร้าน อามีน MTมอเตอร์ รามคําแหง,10,ร้าน อามีน MTมอเตอร์ รามคําแหง (10) | อามีนMTมอเตอร์ (6)
NKY,82000148,๿สงชัยพาณิชย์(อะไหล่),44,๿สงชัยพาณิชย์(อะไหล่) (44) | แสงชัยพาณิชย์(อะไหล่) (19)
NKY,82000869,เมก้า โคลเวอร์ พลัส,505,เมก้า โคลเวอร์ พลัส (505) | เม฿้า โคลเวอร์ พลัส (452)
NKY,82000941,ป.การยาง,2,ป.การยาง (2) | ป.฿ารยาง (1)
NKY,82001148,฿.ยนต์ 2,11,฿.ยนต์ 2 (11) | ก.ยนต์ 2 (2)
NKY,82001153,สกายเวย์,44,สกายเวย์ (44) | ส฿ายเวย์ (39)
NKY,82001486,สินเจริ฿อะไหล่,4,สินเจริ฿อะไหล่ (4) | สินเจริญอะไหล่ (3)
NKY,83260038,ยนต์กิจมอเตอร์ไซค์,6,ยนต์กิจมอเตอร์ไซค์ (6) | ยนต์฿ิจมอเตอร์ไซค์ (4)
OEM,1091508,ร้าน สปีดยนต์,2,ร้าน สปีดยนต์ (2) | ร้าน ช่างตี๋เจริญยนต์ (1)
OEM,1091509,ร้าน สปีดยนต์,2,ร้าน สปีดยนต์ (2) | ร้าน ช่างตี๋เจริญยนต์ (1)
OEM,1091510,ร้าน ช่างตี๋เจริญยนต์,3,ร้าน ช่างตี๋เจริญยนต์ (3) | ร้าน สปีดยนต์ (1)
OEM,82001501,ร้าน ศรีสุวรรณมอเตอร์,40,ร้าน ศรีสุวรรณมอเตอร์ (40) | เอเซียมอเตอร์พาร์ท (2)
OEM,82001505,ร้าน ช่างโชค,1,ร้าน ช่างโชค (1) | ร้าน เพ้งอะไหล่ยนต์ (บางพรม) (1)
OEM,82001507,ร้าน K.T.อะไหล่,8,ร้าน K.T.อะไหล่ (8) | ร้าน เพ้งอะไหล่ยนต์ (บางพรม) (1)
OEM,82001509,ร้าน 55 AUTOPART,15,ร้าน 55 AUTOPART (15) | ร้าน เพ้งอะไหล่ยนต์ (บางพรม) (1)
OEM,82001510,ร้าน 13 ยานยนต์,66,ร้าน 13 ยานยนต์ (66) | ร้าน เพ้งอะไหล่ยนต์ (บางพรม) (1)
OEM,82001511,ร้าน ช่างตี๋เจริญยนต์,3,ร้าน ช่างตี๋เจริญยนต์ (3) | ร้าน เพ้งอะไหล่ยนต์ (บางพรม) (1)
OEM,82001512,ร้าน ธี ทู เค ไบค์,70,ร้าน ธี ทู เค ไบค์ (70) | ร้าน เพ้งอะไหล่ยนต์ (บางพรม) (1)
OEM,82001513,หจก. สตาร์เจริญยนต์,15,หจก. สตาร์เจริญยนต์ (15) | ร้าน เพ้งอะไหล่ยนต์ (บางพรม) (1)
OEM,82001514,ร้าน โชคชัยการช่าง,21,ร้าน โชคชัยการช่าง (21) | ร้าน เพ้งอะไหล่ยนต์ (บางพรม) (1)
OEM,82001566,ร้าน เพ้งอะไหล่ยนต์ (เฮียเลี้ยง),63,ร้าน เพ้งอะไหล่ยนต์ (เฮียเลี้ยง) (63) | ร้าน เพ้งอะไหล่ยนต์ (บางพรม) (3)
OEM,ยังไม่มีรหัส,ร้าน น้อยการยาง,22,ร้าน น้อยการยาง (22) | ร้าน จังรุ่งเจริญ (17) | ร้าน ศรเจริญยนต์ (14) | ร้าน ช่างนุ้ย โคร้ง S (14) | หจก.ณ.ปฐมอะไหล่ (7) | ร้าน พูนทรัพย์ อะไหล่ (7) | ร้าน BOSS Motorpart (4) | ร้าน สมบูรณ์ (เอกวรรณพัฒนา) (4)
RTY,82001530,สมหมายมอเตอร์,10,สมหมายมอเตอร์ (10) | 56 มารวย (2)
Sompol,82000116,หจก. ไพฑูรย์พาณิชย์,10,หจก. ไพฑูรย์พาณิชย์ (10) | ร้าน ไพฑูรย์พาณิชย์ (4)
Sompol,82000139,หจก. จักรกฤษณ์ อินเตอร์เทรด,14,หจก. จักรกฤษณ์ อินเตอร์เทรด (14) | บริษัท ทีที อินเตอร์เทรดดิ้ง จํากัด (7) | บริษัท มณีพัชร อินเตอร์เทรด จํากัด (6) | หจก. บุญชัยจักรยาน แอนด์ พาร์ท ซัพพลาย (4) | หจก.บุญชัยจักรยาน เเอนด์ ดาร์ท ซัพพลาย (2)
Sompol,82000257,ร้าน ซิสโบบิวตี้,192,ร้าน ซิสโบบิวตี้ (192) | ร้าน ซ้งอะไหล่ยนต์ (1)
Sompol,82001085,ร้าน ศักดิ์เจริญยนต์,12,ร้าน ศักดิ์เจริญยนต์ (12) | ร้าน ร้าน ศักดิ์เจริญยนต์ (1)
Sompol,83260043,หจก. จักรกฤษณ์ อินเตอร์เทรด,5,หจก. จักรกฤษณ์ อินเตอร์เทรด (5) | บริษัท ทีที อินเตอร์เทรดดิ้ง จํากัด (3) | หจก. บุญชัยจักรยาน แอนด์ พาร์ท ซัพพลาย (2) | บริษัท มณีพัชร อินเตอร์เทรด จํากัด (1)
